{"train_loss": 0.3616818924744924, "train_accuracy": 0.85273492286115, "_timestamp": 1697371640.6625264, "_runtime": 20.493354320526123, "_step": 199, "val_loss": 0.4766817105313142, "val_accuracy": 0.7865168539325843, "_wandb": {"runtime": 19}}