{"train_loss": 0.33925758368439146, "train_accuracy": 0.8555399719495091, "_timestamp": 1697368266.0443254, "_runtime": 21.357014417648315, "_step": 199, "val_loss": 0.4049338834981124, "val_accuracy": 0.8202247191011236, "_wandb": {"runtime": 19}}