{"train_loss": 0.3521444602145089, "train_accuracy": 0.8513323983169705, "_timestamp": 1697369055.002065, "_runtime": 19.963762998580933, "_step": 199, "val_loss": 0.5682843339939913, "val_accuracy": 0.7921348314606742, "_wandb": {"runtime": 19}}