{"train_loss": 0.33221144874890646, "train_accuracy": 0.8667601683029453, "_timestamp": 1697367644.0181768, "_runtime": 20.281720876693726, "_step": 199, "val_loss": 0.5611112502713999, "val_accuracy": 0.8539325842696629, "_wandb": {"runtime": 19}}