{"train_loss": 0.3406385163466136, "train_accuracy": 0.8583450210378681, "_timestamp": 1697367791.0473738, "_runtime": 19.8522367477417, "_step": 199, "val_loss": 0.44314728677272797, "val_accuracy": 0.797752808988764, "_wandb": {"runtime": 19}}