{"train_loss": 0.38523185319370695, "train_accuracy": 0.8415147265077139, "_timestamp": 1697375392.159751, "_runtime": 23.12124490737915, "_step": 199, "val_loss": 0.41092265397310257, "val_accuracy": 0.8426966292134831, "_wandb": {"runtime": 21}}