{"train_loss": 0.36596086704068714, "train_accuracy": 0.8499298737727911, "_timestamp": 1697371547.874802, "_runtime": 21.552163124084473, "_step": 199, "val_loss": 0.6496798681716124, "val_accuracy": 0.7471910112359551, "_wandb": {"runtime": 20}}