{"train_loss": 0.3965201500389311, "train_accuracy": 0.8316970546984572, "_timestamp": 1697375422.6948214, "_runtime": 19.302757263183594, "_step": 199, "val_loss": 0.38755161377290887, "val_accuracy": 0.8202247191011236, "_wandb": {"runtime": 18}}