{"train_loss": 0.34131380667289096, "train_accuracy": 0.85273492286115, "_timestamp": 1697368490.6055183, "_runtime": 20.128366231918335, "_step": 199, "val_loss": 0.5106268643091122, "val_accuracy": 0.7752808988764045, "_wandb": {"runtime": 19}}