{"train_loss": 0.3645903650257323, "train_accuracy": 0.8359046283309958, "_timestamp": 1697367497.5985582, "_runtime": 20.216920137405396, "_step": 199, "val_loss": 0.3868820151935021, "val_accuracy": 0.8314606741573034, "_wandb": {"runtime": 19}}