{"train_loss": 0.3651598572731018, "train_accuracy": 0.847124824684432, "_timestamp": 1697358723.1601937, "_runtime": 59.42034864425659, "_step": 199, "val_loss": 0.7062459314862887, "val_accuracy": 0.7921348314606742, "_wandb": {"runtime": 58}}