{"train_loss": 0.3389742081363996, "train_accuracy": 0.847124824684432, "_timestamp": 1697366191.688962, "_runtime": 20.18946409225464, "_step": 199, "val_loss": 0.4389008358120918, "val_accuracy": 0.8314606741573034, "_wandb": {"runtime": 19}}