{"train_loss": 0.37148342422313163, "train_accuracy": 0.8513323983169705, "_timestamp": 1697362787.5295308, "_runtime": 34.009193658828735, "_step": 199, "val_loss": 0.4040427338331938, "val_accuracy": 0.8089887640449438, "_wandb": {"runtime": 32}}