{"train_loss": 0.33618019703361723, "train_accuracy": 0.8681626928471248, "_timestamp": 1697368615.409035, "_runtime": 20.642770051956177, "_step": 199, "val_loss": 0.5608003412683805, "val_accuracy": 0.7359550561797753, "_wandb": {"runtime": 19}}