{"train_loss": 0.37913357582357193, "train_accuracy": 0.8345021037868162, "_timestamp": 1697363301.0223553, "_runtime": 19.275551319122314, "_step": 199, "val_loss": 0.38621840501825017, "val_accuracy": 0.8089887640449438, "_wandb": {"runtime": 18}}