{"train_loss": 0.3559678675399886, "train_accuracy": 0.8485273492286115, "_timestamp": 1697358635.2562377, "_runtime": 66.3229308128357, "_step": 199, "val_loss": 0.4304066449403763, "val_accuracy": 0.7865168539325843, "_wandb": {"runtime": 65}}