{"train_loss": 0.3802588572104772, "train_accuracy": 0.8485273492286115, "_timestamp": 1697367994.6146977, "_runtime": 19.590453624725342, "_step": 199, "val_loss": 0.4170205357174079, "val_accuracy": 0.8146067415730337, "_wandb": {"runtime": 18}}