{"train_loss": 0.366133494509591, "train_accuracy": 0.8387096774193549, "_timestamp": 1697362657.224164, "_runtime": 31.094660997390747, "_step": 199, "val_loss": 0.42042043680946034, "val_accuracy": 0.8202247191011236, "_wandb": {"runtime": 29}}